Protein,#atoms,#keys,#keys_with_freq,max_distance,min_distance
5ZU1_E_2_DT,20,1140,717,10.285649663487476,2.254931041074207
5ZU1_E_4_DG,22,1540,858,9.07507652860294,2.12800963343684
5ZU1_E_5_DC,19,969,663,9.357089344448944,2.265533491255426
4K4X_K_696_G,23,1771,1052,11.184826596778334,2.1382986227372376
4K4X_K_697_A,22,1540,953,10.047335268617244,2.143493876828202
8CYF_C_2_DA,21,1330,876,11.309328052541407,2.1254545396220563

